{
  "project_info": {
    "project_number": "229677722558",
    "firebase_url": "https://travelguide-c238b.firebaseio.com",
    "project_id": "travelguide-c238b",
    "storage_bucket": "travelguide-c238b.appspot.com"
  },
  "client": [
    {
      "client_info": {
        "mobilesdk_app_id": "1:229677722558:android:5c977e4b1873100c",
        "android_client_info": {
          "package_name": "com.example.hp.myapplication"
        }
      },
      "oauth_client": [
        {
          "client_id": "229677722558-61bildtbbsb6ngtddh0aojpsgo06h8kl.apps.googleusercontent.com",
          "client_type": 3
        }
      ],
      "api_key": [
        {
          "current_key": "AIzaSyCfQ0kKmOZ4DlZClXa5WxrfMPphcMqdfUM"
        }
      ],
      "services": {
        "analytics_service": {
          "status": 1
        },
        "appinvite_service": {
          "status": 1,
          "other_platform_oauth_client": []
        },
        "ads_service": {
          "status": 2
        }
      }
    }
  ],
  "configuration_version": "1"
}